{
  "version": 1,
  "author": "Kunwar Rajveer",
  "editor": "wokwi",
  "parts": [
    { "type": "wokwi-arduino-uno", "id": "uno", "top": 0, "left": 0, "attrs": {} },
    {
      "type": "wokwi-analog-joystick",
      "id": "joystick1",
      "top": -192.6,
      "left": -109.8,
      "attrs": {}
    },
    {
      "type": "wokwi-max7219-matrix",
      "id": "matrix1",
      "top": -162.6,
      "left": 65.04,
      "attrs": { "chain": "4" }
    }
  ],
  "connections": [
    [ "joystick1:VCC", "uno:5V", "red", [ "v297.6", "h240" ] ],
    [ "joystick1:GND", "uno:GND.1", "black", [ "v57.6", "h153.6" ] ],
    [ "joystick1:VERT", "uno:A0", "green", [ "v288", "h278.4" ] ],
    [ "joystick1:HORZ", "uno:A1", "yellow", [ "v307.2", "h278.4" ] ],
    [ "joystick1:SEL", "uno:8", "blue", [ "v57.6", "h220.8" ] ]
  ],
  "dependencies": {}
}